City_ID,City,Country,Date,Lat,Lng,Max Temp,Humidity,Cloudiness,Wind Speed
0,Dikson,RU,2020-01-07 20:45:24,73.51,80.55,4.06,95,95,10.25
1,Araouane,ML,2020-01-07 20:45:24,18.9,-3.53,62.82,14,100,7.78
2,Balclutha,NZ,2020-01-07 20:45:25,-46.24,169.74,55.0,66,95,8.99
3,Vao,EE,2020-01-07 20:45:25,59.1,26.19,38.34,82,100,13.85
4,Rikitea,PF,2020-01-07 20:45:25,-23.12,-134.97,77.29,79,0,18.25
5,Barrow,AR,2020-01-07 20:45:26,-38.31,-60.23,82.62,25,0,3.76
6,Ushuaia,AR,2020-01-07 20:41:12,-54.81,-68.31,53.6,81,75,10.29
7,Atuona,PF,2020-01-07 20:45:26,-9.8,-139.03,81.09,74,1,12.12
8,Souillac,FR,2020-01-07 20:45:26,45.6,-0.6,53.6,100,90,6.93
9,Busselton,AU,2020-01-07 20:45:26,-33.64,115.35,63.0,56,26,4.45
10,Cap-Aux-Meules,CA,2020-01-07 20:43:16,47.38,-61.86,28.4,74,90,13.87
11,Havoysund,NO,2020-01-07 20:45:27,71.0,24.66,35.6,79,100,10.29
12,New Norfolk,AU,2020-01-07 20:45:27,-42.78,147.06,66.0,82,20,1.12
13,Salalah,OM,2020-01-07 20:45:27,17.01,54.1,78.8,47,0,10.29
14,Fukue,JP,2020-01-07 20:45:27,35.03,136.69,54.0,93,75,2.24
15,Mataura,NZ,2020-01-07 20:45:28,-46.19,168.86,52.0,78,92,5.01
16,Half Moon Bay,US,2020-01-07 20:45:28,37.46,-122.43,59.0,76,1,17.22
17,Punta Arenas,CL,2020-01-07 20:45:28,-53.16,-70.91,60.8,38,85,18.34
18,Lorengau,PG,2020-01-07 20:45:28,-2.02,147.27,83.55,75,100,4.65
19,Omboue,GA,2020-01-07 20:45:29,-1.57,9.26,76.42,92,100,3.06
20,Bluff,AU,2020-01-07 20:45:29,-23.58,149.07,72.39,84,57,9.13
21,Buala,SB,2020-01-07 20:45:29,-8.15,159.59,83.34,77,64,4.61
22,Prince Rupert,CA,2020-01-07 20:45:29,54.32,-130.32,32.0,56,40,4.7
23,Castro,CL,2020-01-07 20:45:30,-42.48,-73.76,55.4,87,75,11.41
24,Saint Anthony,US,2020-01-07 20:45:30,43.97,-111.68,35.6,80,40,3.36
25,Carbonia,IT,2020-01-07 20:45:30,39.17,8.53,54.0,93,20,4.7
26,Yantal,RU,2020-01-07 20:45:30,56.85,105.25,6.33,91,0,4.27
27,Hithadhoo,MV,2020-01-07 20:45:30,-0.6,73.08,83.48,75,96,12.53
28,Butaritari,KI,2020-01-07 20:45:31,3.07,172.79,84.85,77,67,17.45
29,Albany,US,2020-01-07 20:45:31,42.65,-73.75,37.4,44,90,3.24
30,Buta,CD,2020-01-07 20:45:31,2.79,24.73,73.62,42,46,1.77
31,Yarmouth,CA,2020-01-07 20:45:32,43.84,-66.12,33.01,70,40,18.34
32,Torbay,CA,2020-01-07 20:45:32,47.66,-52.73,28.0,86,90,3.36
33,Saldanha,PT,2020-01-07 20:45:32,41.42,-6.55,39.09,75,17,1.12
34,Faanui,PF,2020-01-07 20:45:32,-16.48,-151.75,81.57,80,10,17.98
35,Jamestown,AU,2020-01-07 20:45:32,-33.21,138.6,71.2,30,0,13.94
36,Kieta,PG,2020-01-07 20:45:33,-6.22,155.63,82.71,78,99,3.76
37,Mar Del Plata,AR,2020-01-07 20:45:33,-46.43,-67.52,70.59,30,86,26.78
38,Saint George,GR,2020-01-07 20:45:33,39.45,22.34,35.6,55,20,3.36
39,Airai,TL,2020-01-07 20:45:33,-8.93,125.41,66.96,78,73,4.29
40,Ancud,CL,2020-01-07 20:45:34,-41.87,-73.83,55.4,87,75,11.41
41,Severo-Kurilsk,RU,2020-01-07 20:45:34,50.68,156.12,18.82,88,58,10.38
42,Cidreira,BR,2020-01-07 20:45:34,-30.17,-50.22,75.56,75,4,15.93
43,Gushikawa,JP,2020-01-07 20:45:34,26.35,127.87,73.4,88,20,10.29
44,Qaanaaq,GL,2020-01-07 20:45:34,77.48,-69.36,-24.79,91,29,1.99
45,Kangaatsiaq,GL,2020-01-07 20:45:35,68.31,-53.46,0.82,100,100,20.58
46,Vaini,IN,2020-01-07 20:45:35,15.34,74.49,65.88,79,0,1.43
47,Maragogi,BR,2020-01-07 20:45:35,-9.01,-35.22,80.98,69,0,12.68
48,Coquimbo,CL,2020-01-07 20:45:35,-29.95,-71.34,69.8,56,0,16.11
49,Bredasdorp,ZA,2020-01-07 20:45:36,-34.53,20.04,69.8,83,0,2.24
50,Bathsheba,BB,2020-01-07 20:45:36,13.22,-59.52,84.2,58,20,16.11
51,Codrington,AU,2020-01-07 20:45:36,-28.95,153.24,73.99,88,58,4.7
52,Kulhudhuffushi,MV,2020-01-07 20:45:36,6.62,73.07,82.09,70,33,6.17
53,Husavik,CA,2020-01-07 20:45:37,50.56,-96.99,1.99,74,100,8.99
54,Hobart,AU,2020-01-07 20:45:02,-42.88,147.33,66.0,82,20,1.12
55,Goderich,CA,2020-01-07 20:44:01,43.74,-81.71,42.01,57,89,4.0
56,Port Alfred,ZA,2020-01-07 20:45:37,-33.59,26.89,68.0,97,100,1.01
57,Waipawa,NZ,2020-01-07 20:45:37,-39.94,176.59,64.99,51,0,6.22
58,Kapaa,US,2020-01-07 20:45:38,22.08,-159.32,80.6,74,40,21.92
59,Saint-Pierre,FR,2020-01-07 20:45:38,48.95,4.24,45.0,100,90,11.41
60,Alta Floresta,BR,2020-01-07 20:45:38,-9.87,-56.08,86.0,70,20,3.36
61,Caohai,CN,2020-01-07 20:45:38,26.87,104.28,43.18,96,2,8.12
62,Kayes,ML,2020-01-07 20:45:38,14.44,-11.44,71.04,12,97,10.38
63,Verkhnyaya Inta,RU,2020-01-07 20:45:39,65.99,60.32,6.94,94,88,8.05
64,Hasaki,JP,2020-01-07 20:45:39,35.73,140.83,39.2,100,75,3.36
65,Batagay-Alyta,RU,2020-01-07 20:45:39,67.8,130.41,-6.9,84,100,3.42
66,Wewak,PG,2020-01-07 20:45:40,-3.55,143.63,76.03,93,100,5.64
67,Katsuura,JP,2020-01-07 20:45:40,33.93,134.5,64.4,82,75,20.8
68,Alice Springs,AU,2020-01-07 20:45:40,-23.7,133.88,77.0,47,100,5.82
69,Kloulklubed,PW,2020-01-07 20:45:41,7.04,134.26,80.6,78,75,11.41
70,Mapastepec,MX,2020-01-07 20:45:41,15.44,-92.9,91.47,32,0,1.92
71,Gobabis,NA,2020-01-07 20:45:41,-22.45,18.97,69.91,77,67,8.9
72,Pisco,PE,2020-01-07 20:45:41,-13.71,-76.2,73.0,30,20,10.29
73,Barcelona,ES,2020-01-07 20:45:42,41.38,2.18,54.0,70,90,11.41
74,Middle Island,US,2020-01-07 20:41:31,40.88,-72.94,42.01,44,90,9.17
75,Mecca,SA,2020-01-07 20:45:09,21.43,39.83,64.06,64,0,3.94
76,Piterka,RU,2020-01-07 20:45:42,50.68,47.44,26.29,96,100,5.68
77,Puerto Ayora,EC,2020-01-07 20:45:42,-0.74,-90.35,84.2,62,75,10.29
78,Aykhal,RU,2020-01-07 20:45:43,65.95,111.51,5.0,92,55,6.71
79,Sao Domingos,BR,2020-01-07 20:45:43,-13.4,-46.32,73.44,86,100,0.94
80,Nome,US,2020-01-07 20:45:43,30.04,-94.42,68.0,24,1,6.93
81,Chalus,IR,2020-01-07 20:45:43,36.66,51.42,44.6,81,0,5.17
82,Arraial Do Cabo,BR,2020-01-07 20:45:44,-22.97,-42.02,91.4,74,20,12.75
83,Sorland,NO,2020-01-07 20:45:44,67.67,12.69,41.0,80,75,24.16
84,Mahebourg,MU,2020-01-07 20:45:44,-20.41,57.7,78.8,88,75,1.12
85,Panzhihua,CN,2020-01-07 20:45:45,26.59,101.72,39.87,83,4,1.19
86,Gotsu,JP,2020-01-07 20:45:45,35.01,132.22,57.94,71,100,47.0
87,Camargo,MX,2020-01-07 20:45:45,27.69,-105.17,62.62,23,0,9.71
88,Kalmunai,LK,2020-01-07 20:45:45,7.42,81.82,81.01,79,81,20.4
89,Hermanus,ZA,2020-01-07 20:45:46,-34.42,19.24,70.0,90,0,1.01
90,Tuatapere,NZ,2020-01-07 20:45:46,-46.13,167.69,52.0,78,100,5.01
91,Tuktoyaktuk,CA,2020-01-07 20:45:46,69.44,-133.03,-32.8,66,20,12.75
92,Bethel,US,2020-01-07 20:45:47,60.79,-161.76,-18.4,68,1,11.41
93,Vicksburg,US,2020-01-07 20:45:47,32.35,-90.88,60.8,24,1,17.22
94,Rawson,AR,2020-01-07 20:45:47,-43.3,-65.11,74.1,38,26,11.63
95,Lebu,ET,2020-01-07 20:45:47,8.96,38.73,53.76,94,100,1.68
96,Sobolevo,RU,2020-01-07 20:45:48,54.43,31.9,29.91,95,66,8.79
97,Auchel,FR,2020-01-07 20:45:48,50.51,2.47,51.8,100,90,13.87
98,Thompson,CA,2020-01-07 20:41:45,55.74,-97.86,-11.2,76,40,8.05
99,Abeche,TD,2020-01-07 20:45:49,13.83,20.83,73.04,22,0,11.27
100,Sao Joao Da Barra,BR,2020-01-07 20:45:49,-21.64,-41.05,86.0,66,20,18.34
101,Klaksvik,FO,2020-01-07 20:45:49,62.23,-6.59,39.2,69,98,38.03
102,San Patricio,PY,2020-01-07 20:45:49,-26.98,-56.83,91.15,29,0,6.46
103,Okhotsk,RU,2020-01-07 20:45:50,59.36,143.24,-5.51,74,100,7.74
104,Nouadhibou,MR,2020-01-07 20:45:50,20.93,-17.03,66.2,48,64,10.29
105,Sovetskiy,RU,2020-01-07 20:45:50,56.76,48.47,10.17,98,89,6.22
106,Ilo,PE,2020-01-07 20:45:50,-17.65,-71.34,78.8,69,14,13.87
107,Tromso,NO,2020-01-07 20:45:50,69.65,18.96,41.0,60,100,16.11
108,Maceio,BR,2020-01-07 20:44:20,-9.67,-35.74,82.4,65,20,16.11
109,Shelby,US,2020-01-07 20:45:51,48.51,-111.86,28.4,100,90,12.75
110,Palu,ID,2020-01-07 20:45:51,-0.9,119.87,66.51,98,100,2.13
111,Luderitz,NA,2020-01-07 20:45:52,-26.65,15.16,66.2,82,54,2.24
112,Hilo,US,2020-01-07 20:45:52,19.71,-155.08,78.8,69,90,6.93
113,Beringovskiy,RU,2020-01-07 20:45:52,63.05,179.32,-5.91,99,96,7.14
114,Monrovia,LR,2020-01-07 20:45:52,6.33,-10.8,78.8,88,20,9.01
115,Ilulissat,GL,2020-01-07 20:45:52,69.22,-51.1,-2.2,40,20,12.75
116,Opuwo,NA,2020-01-07 20:45:53,-18.06,13.84,69.93,56,1,11.74
117,Dingle,PH,2020-01-07 20:45:53,11.0,122.67,73.33,90,100,8.08
118,Chapais,CA,2020-01-07 20:45:53,49.78,-74.86,12.2,78,90,11.41
119,Dunedin,NZ,2020-01-07 20:45:53,-45.87,170.5,51.19,70,56,13.27
120,Peniche,PT,2020-01-07 20:45:54,39.36,-9.38,50.0,93,0,2.24
121,Rocha,UY,2020-01-07 20:45:54,-34.48,-54.34,77.47,23,0,9.78
122,Georgetown,GY,2020-01-07 20:42:29,6.8,-58.16,86.0,78,75,9.17
123,Los Llanos De Aridane,ES,2020-01-07 20:45:55,28.66,-17.92,66.2,59,40,6.93
124,Mersing,MY,2020-01-07 20:45:55,2.43,103.84,80.02,83,93,15.99
125,Yellowknife,CA,2020-01-07 20:45:56,62.45,-114.38,-29.2,66,40,3.36
126,Zarubino,RU,2020-01-07 20:45:56,42.65,131.06,29.34,94,100,23.78
127,Neiafu,TO,2020-01-07 20:45:56,-18.65,-173.98,84.2,79,20,6.93
128,East London,ZA,2020-01-07 20:45:56,-33.02,27.91,73.2,90,100,16.6
129,Scobinti,RO,2020-01-07 20:45:56,47.38,26.93,25.0,79,0,4.7
130,Hami,CN,2020-01-07 20:45:57,42.84,93.51,15.13,53,0,2.73
131,Kaitangata,NZ,2020-01-07 20:45:57,-46.28,169.85,55.0,66,55,8.99
132,Avarua,CK,2020-01-07 20:45:34,-21.21,-159.78,82.4,78,36,10.29
133,Alofi,NU,2020-01-07 20:44:08,-19.06,-169.92,81.95,79,100,12.39
134,Aripuana,BR,2020-01-07 20:45:58,-9.17,-60.63,89.26,63,18,2.01
135,Nikolskoye,RU,2020-01-07 20:45:58,59.7,30.79,39.2,86,90,11.18
136,Aswan,EG,2020-01-07 20:45:58,24.09,32.9,52.61,48,0,12.44
137,Champerico,MX,2020-01-07 20:45:58,16.38,-93.6,78.8,54,75,9.17
138,Tasiilaq,GL,2020-01-07 20:45:58,65.61,-37.64,8.82,75,100,28.14
139,Gudari,IN,2020-01-07 20:45:59,19.34,83.79,57.47,83,0,0.76
140,Sioux Lookout,CA,2020-01-07 20:45:59,50.1,-91.92,1.4,70,75,16.11
141,Fortuna,US,2020-01-07 20:45:59,40.6,-124.16,55.0,62,90,6.93
142,Provideniya,RU,2020-01-07 20:46:00,64.42,-173.23,-12.57,93,0,1.21
143,Yarovoye,RU,2020-01-07 20:46:00,52.92,78.56,11.8,96,100,4.25
144,Kodiak,US,2020-01-07 20:46:01,39.95,-94.76,53.01,42,1,18.34
145,Berck,FR,2020-01-07 20:46:01,50.41,1.57,51.8,93,90,6.93
146,Ribeira Grande,PT,2020-01-07 20:46:01,38.52,-28.7,64.4,88,20,11.41
147,Lazaro Cardenas,MX,2020-01-07 20:46:01,28.39,-105.62,64.99,16,40,9.17
148,Togur,RU,2020-01-07 20:46:02,58.36,82.83,5.38,97,55,3.98
149,Saskylakh,RU,2020-01-07 20:46:02,71.97,114.09,-3.95,96,96,8.19
150,Khatanga,RU,2020-01-07 20:46:02,71.98,102.47,5.65,96,96,7.9
151,Haines Junction,CA,2020-01-07 20:46:02,60.75,-137.51,-7.8,98,100,5.82
152,Cabo San Lucas,MX,2020-01-07 20:43:56,22.89,-109.91,82.0,57,5,9.17
153,Manggar,ID,2020-01-07 20:46:03,-2.88,108.27,81.25,83,100,15.73
154,Mount Isa,AU,2020-01-07 20:46:03,-20.73,139.49,82.4,54,40,8.05
155,Constantine,DZ,2020-01-07 20:46:03,36.36,6.61,37.4,93,40,2.24
156,Naze,NG,2020-01-07 20:46:03,5.43,7.07,78.49,66,100,6.89
157,Victor Harbor,AU,2020-01-07 20:46:04,-35.55,138.62,78.01,58,56,14.99
158,Moree,AU,2020-01-07 20:46:04,-29.46,149.84,77.0,53,14,11.41
159,Saint-Philippe,CA,2020-01-07 20:46:04,45.36,-73.48,32.0,91,1,3.36
160,Qandala,SO,2020-01-07 20:46:04,11.47,49.87,75.9,72,74,5.84
161,Milkovo,BG,2020-01-07 20:46:05,41.53,24.68,37.99,64,20,6.93
162,Ugoofaaru,MV,2020-01-07 20:46:05,5.67,73.0,82.56,75,98,15.77
163,Boende,CD,2020-01-07 20:46:05,-0.28,20.88,79.75,65,85,2.89
164,Victoria,BN,2020-01-07 20:46:05,5.28,115.24,80.6,88,75,7.45
165,Yar-Sale,RU,2020-01-07 20:46:06,66.83,70.83,0.86,86,23,7.49
166,Burkburnett,US,2020-01-07 20:46:06,34.1,-98.57,66.2,20,1,13.87
167,Port Hardy,CA,2020-01-07 20:42:06,50.7,-127.42,44.6,93,75,18.34
168,Tiksi,RU,2020-01-07 20:46:06,71.64,128.87,-9.85,89,93,4.47
169,Atbasar,KZ,2020-01-07 20:46:07,51.81,68.36,8.26,94,100,2.19
170,Sinjar,SY,2020-01-07 20:46:07,35.59,37.0,47.12,87,94,3.36
171,Nukus,UZ,2020-01-07 20:46:07,42.46,59.61,15.8,85,13,2.24
172,Honiara,SB,2020-01-07 20:46:07,-9.43,159.96,77.0,94,75,2.24
173,Sibay,RU,2020-01-07 20:46:08,52.72,58.67,11.44,96,95,2.84
174,Bubaque,GW,2020-01-07 20:46:08,11.28,-15.83,77.59,61,2,13.96
175,Nioro,GM,2020-01-07 20:46:08,13.79,-15.05,71.04,9,67,11.52
176,Cheney,US,2020-01-07 20:43:39,47.49,-117.58,46.99,93,40,12.75
177,Sosnovo-Ozerskoye,RU,2020-01-07 20:46:09,52.53,111.54,-7.78,99,67,5.23
178,Uthal,PK,2020-01-07 20:46:09,25.81,66.62,62.64,75,22,2.28
179,Dakar,SN,2020-01-07 20:42:07,14.69,-17.45,69.8,56,3,9.17
180,Flinders,AU,2020-01-07 20:46:09,-34.58,150.85,71.01,73,75,11.41
181,Katangli,RU,2020-01-07 20:46:10,51.71,143.23,8.35,91,81,6.93
182,Atambua,ID,2020-01-07 20:46:10,-9.11,124.89,74.64,86,72,2.98
183,Kupang,ID,2020-01-07 20:46:10,-10.16,123.6,82.76,79,100,12.33
184,Jinchang,CN,2020-01-07 20:46:10,38.52,102.19,18.07,62,100,2.17
185,Narsaq,GL,2020-01-07 20:46:10,60.91,-46.05,8.6,71,75,4.7
186,San Quintin,PH,2020-01-07 20:46:11,17.54,120.52,68.68,88,33,3.71
187,Camopi,GF,2020-01-07 20:46:11,3.17,-52.33,75.94,96,68,3.8
188,Yumen,CN,2020-01-07 20:46:11,40.29,97.04,13.5,69,57,5.73
189,Pangkalanbuun,ID,2020-01-07 20:46:11,-2.68,111.62,74.59,96,100,1.86
190,Ngunguru,NZ,2020-01-07 20:46:11,-35.62,174.5,64.0,67,20,4.0
191,Santa Isabel,MX,2020-01-07 20:46:12,32.63,-115.58,69.8,11,40,6.93
192,Pekan,MY,2020-01-07 20:46:12,3.49,103.39,75.2,94,20,4.7
193,Kruisfontein,ZA,2020-01-07 20:46:13,-34.0,24.73,67.6,93,99,8.88
194,Chokurdakh,RU,2020-01-07 20:46:13,70.62,147.9,-24.77,95,0,5.23
195,Colares,PT,2020-01-07 20:46:13,38.8,-9.45,51.8,81,0,9.17
196,Mayaky,UA,2020-01-07 20:46:13,47.44,29.56,26.24,80,0,6.13
197,Las Vegas,US,2020-01-07 20:44:30,36.17,-115.15,57.99,22,1,6.93
198,Port Lincoln,AU,2020-01-07 20:46:14,-34.72,135.86,66.83,69,0,6.04
199,Porto Novo,BR,2020-01-07 20:46:14,-23.68,-45.44,80.6,74,40,6.93
200,Sinnamary,GF,2020-01-07 20:46:14,5.38,-52.96,80.85,82,10,15.41
201,Norman Wells,CA,2020-01-07 20:46:15,65.28,-126.83,-41.8,72,5,3.36
202,Ambatondrazaka,MG,2020-01-07 20:46:15,-17.82,48.43,67.08,97,100,2.95
203,Komsomolskiy,RU,2020-01-07 20:46:15,67.55,63.78,3.27,96,99,9.28
204,Amuntai,ID,2020-01-07 20:42:25,-2.42,115.25,73.8,83,100,0.92
205,Mackay,CA,2020-01-07 20:46:16,53.65,-115.58,10.4,92,90,8.05
206,Trzcianka,PL,2020-01-07 20:46:16,53.04,16.46,35.55,97,94,8.28
207,Chimbote,PE,2020-01-07 20:46:16,-9.08,-78.59,78.42,59,3,13.2
208,Touros,BR,2020-01-07 20:46:16,-5.2,-35.46,84.2,70,75,16.11
209,Tuma,RU,2020-01-07 20:46:17,55.15,40.55,28.0,79,99,3.0
210,Bilma,NE,2020-01-07 20:46:17,18.69,12.92,58.17,24,33,11.3
211,A Coruna,ES,2020-01-07 20:46:17,43.37,-8.4,57.99,93,75,5.82
212,Tessalit,ML,2020-01-07 20:46:17,20.2,1.01,61.41,21,55,9.86
213,Warmbad,DE,2020-01-07 20:46:17,50.67,13.08,41.0,86,82,8.05
214,Vanavara,RU,2020-01-07 20:46:18,60.35,102.28,8.69,96,100,5.68
215,Cape Town,ZA,2020-01-07 20:44:03,-33.93,18.42,71.01,94,0,8.05
216,Lasa,CY,2020-01-07 20:46:18,34.92,32.53,57.2,71,75,12.75
217,Kishapu,TZ,2020-01-07 20:46:18,-3.61,33.87,67.96,85,24,3.18
218,Vestmanna,FO,2020-01-07 20:46:19,62.16,-7.17,39.2,69,100,38.03
219,Daura,NG,2020-01-07 20:46:19,13.04,8.32,69.1,18,97,11.83
220,Constitucion,MX,2020-01-07 20:46:19,23.99,-104.67,61.0,19,5,2.24
221,Westport,US,2020-01-07 20:46:00,41.14,-73.36,42.8,52,1,4.7
222,Kavieng,PG,2020-01-07 20:46:19,-2.57,150.8,82.45,80,90,9.35
223,Semey,KZ,2020-01-07 20:46:20,50.41,80.25,2.73,89,59,7.18
224,Saint-Georges,CA,2020-01-07 20:46:20,46.12,-70.67,24.01,65,33,3.0
225,Peruibe,BR,2020-01-07 20:46:20,-24.32,-47.0,77.32,93,64,16.91
226,Iqaluit,CA,2020-01-07 20:46:20,63.75,-68.52,-18.0,68,90,14.99
227,Margate,AU,2020-01-07 20:46:21,-43.03,147.26,66.0,82,20,1.12
228,Anzio,IT,2020-01-07 20:46:21,41.45,12.63,43.0,69,67,4.7
229,Birao,CF,2020-01-07 20:46:21,10.3,22.78,73.69,23,58,7.94
230,Nanortalik,GL,2020-01-07 20:46:21,60.14,-45.24,24.4,87,100,24.43
231,Pevek,RU,2020-01-07 20:46:21,69.7,170.27,-8.5,76,0,13.35
232,Denpasar,ID,2020-01-07 20:46:22,-8.65,115.22,80.6,94,75,12.75
233,Gazanjyk,TM,2020-01-07 20:46:22,39.24,55.52,35.74,74,13,10.85
234,Riyadh,SA,2020-01-07 20:45:27,24.63,46.72,53.6,62,0,3.36
235,Dachau,DE,2020-01-07 20:46:23,48.26,11.44,37.0,93,12,4.7
236,Aginskoye,RU,2020-01-07 20:46:23,51.11,114.54,-1.62,91,0,3.44
237,Myaundzha,RU,2020-01-07 20:46:23,63.05,147.18,-26.73,90,77,1.74
238,Upernavik,GL,2020-01-07 20:46:23,72.79,-56.15,-13.02,75,100,3.8
239,Hovd,NO,2020-01-07 20:46:23,63.83,10.7,48.0,82,75,36.91
240,Fernley,US,2020-01-07 20:46:24,39.61,-119.25,52.0,29,1,5.82
241,Lompoc,US,2020-01-07 20:46:00,34.64,-120.46,72.0,32,1,4.7
242,Vanimo,PG,2020-01-07 20:46:25,-2.67,141.3,80.56,85,100,16.89
243,Port Elizabeth,US,2020-01-07 20:46:25,39.31,-74.98,46.99,71,20,11.41
244,Isangel,VU,2020-01-07 20:46:25,-19.55,169.27,80.6,74,20,5.82
245,Hirara,JP,2020-01-07 20:46:25,24.8,125.28,73.15,78,0,7.96
246,Jiwani,PK,2020-01-07 20:46:25,25.05,61.74,69.98,43,0,19.82
247,Sola,TZ,2020-01-07 20:46:26,-3.17,33.8,67.08,84,20,0.49
248,Great Falls,US,2020-01-07 20:46:26,47.5,-111.29,46.99,80,90,5.82
249,Jiamusi,CN,2020-01-07 20:46:26,46.81,130.37,0.03,91,31,2.55
250,Cheyenne,US,2020-01-07 20:44:13,41.14,-104.82,57.0,30,1,28.86
251,Cayenne,GF,2020-01-07 20:46:27,4.94,-52.33,82.4,78,75,14.99
252,Nieuw Amsterdam,SR,2020-01-07 20:46:27,5.88,-55.08,87.8,70,40,9.17
253,Chumikan,RU,2020-01-07 20:46:28,54.72,135.31,6.98,80,100,7.52
254,Carnarvon,ZA,2020-01-07 20:46:28,-30.97,22.13,66.69,77,100,12.06
255,Padang,ID,2020-01-07 20:46:28,-0.92,100.36,69.28,89,98,5.97
256,Esperance,AU,2020-01-07 20:46:29,-33.86,121.89,64.4,100,90,8.05
257,Churapcha,RU,2020-01-07 20:46:29,62.0,132.43,-11.9,99,83,4.07
258,Petropavlovsk-Kamchatskiy,RU,2020-01-07 20:46:29,53.05,158.65,10.4,66,94,6.71
259,Pangnirtung,CA,2020-01-07 20:46:29,66.15,-65.72,-34.6,13,20,2.86
260,Cherskiy,RU,2020-01-07 20:46:30,68.75,161.3,-19.43,76,0,9.06
261,La Ronge,CA,2020-01-07 20:46:30,55.1,-105.3,-11.2,63,20,6.93
262,Lakes Entrance,AU,2020-01-07 20:46:30,-37.88,147.99,64.0,92,100,11.65
263,Longyearbyen,NO,2020-01-07 20:46:30,78.22,15.63,28.4,63,40,47.2
264,Mabaruma,GY,2020-01-07 20:46:31,8.2,-59.78,79.63,82,69,4.7
265,Grindavik,IS,2020-01-07 20:46:31,63.84,-22.43,28.4,92,90,43.62
266,Saint-Joseph,FR,2020-01-07 20:46:31,43.56,6.97,52.0,93,24,4.7
267,Arman,RU,2020-01-07 20:46:31,59.7,150.17,9.9,81,100,9.17
268,Maues,BR,2020-01-07 20:46:32,-3.38,-57.72,88.75,58,98,2.86
269,Ciego De Avila,CU,2020-01-07 20:46:32,21.84,-78.76,74.68,61,44,11.36
270,Usinsk,RU,2020-01-07 20:46:32,66.0,57.56,7.18,96,95,11.21
271,Terrace,CA,2020-01-07 20:46:33,54.52,-128.61,27.0,79,75,20.8
272,Quatre Cocos,MU,2020-01-07 20:46:33,-20.21,57.76,78.8,88,75,1.12
273,Thinadhoo,MV,2020-01-07 20:46:33,0.53,72.93,83.16,79,87,13.89
274,Taguatinga,BR,2020-01-07 20:46:33,-15.83,-48.06,84.2,58,75,10.29
275,Bambari,CF,2020-01-07 20:46:33,5.77,20.68,78.13,34,22,3.02
276,Manta,RO,2020-01-07 20:46:34,45.1,24.1,27.12,61,0,1.3
277,Houma,CN,2020-01-07 20:46:34,35.63,111.36,28.76,87,97,2.95
278,Terrace Bay,CA,2020-01-07 20:46:34,48.78,-87.1,15.8,72,75,12.75
279,Verkhnevilyuysk,RU,2020-01-07 20:46:35,63.45,120.31,10.89,96,97,4.9
280,Colborne,CA,2020-01-07 20:46:35,44.01,-77.89,37.0,64,90,5.82
281,Bambous Virieux,MU,2020-01-07 20:46:35,-20.34,57.76,78.8,88,75,1.12
282,Vilhena,BR,2020-01-07 20:46:35,-12.74,-60.15,75.2,94,40,5.82
283,Paulo Ramos,BR,2020-01-07 20:46:36,-4.45,-45.24,79.16,89,42,5.55
284,Abnub,EG,2020-01-07 20:46:36,27.27,31.15,45.86,64,0,8.41
285,Ostrovnoy,RU,2020-01-07 20:46:36,68.05,39.51,34.39,89,100,25.52
286,Leningradskiy,RU,2020-01-07 20:46:36,69.38,178.42,-13.25,93,55,12.68
287,Antofagasta,CL,2020-01-07 20:46:31,-23.65,-70.4,73.4,69,20,14.99
288,Chuy,UY,2020-01-07 20:46:37,-33.69,-53.46,73.89,47,0,12.66
289,Walvis Bay,NA,2020-01-07 20:46:37,-22.95,14.51,64.99,88,0,8.05
290,Clyde River,CA,2020-01-07 20:46:37,70.47,-68.59,-25.6,74,20,11.41
291,Singaraja,ID,2020-01-07 20:46:37,-8.11,115.08,82.11,74,69,5.79
292,Ucluelet,CA,2020-01-07 20:46:38,48.94,-125.55,51.01,93,90,10.29
293,Slobodskoy,RU,2020-01-07 20:42:41,58.73,50.18,9.5,96,59,4.99
294,Pimentel,BR,2020-01-07 20:46:38,-3.7,-45.5,79.11,87,3,2.55
295,Leamington,CA,2020-01-07 20:43:26,42.05,-82.6,43.0,35,90,11.41
296,Ano Mera,GR,2020-01-07 20:42:04,37.45,25.4,48.99,75,100,31.09
297,Orumiyeh,IR,2020-01-07 20:46:39,37.55,45.08,30.2,80,90,4.7
298,Dhidhdhoo,MV,2020-01-07 20:46:39,6.88,73.1,81.54,75,71,4.5
299,Arenapolis,BR,2020-01-07 20:46:40,-14.45,-56.85,82.4,89,100,3.38
300,Port-Cartier,CA,2020-01-07 20:46:40,50.03,-66.88,17.6,72,90,5.82
301,Ormara,PK,2020-01-07 20:46:40,25.21,64.64,70.83,40,1,20.51
302,Oksfjord,NO,2020-01-07 20:46:40,70.24,22.35,37.4,86,69,13.87
303,Ponta Do Sol,BR,2020-01-07 20:46:40,-20.63,-46.0,78.35,79,100,4.45
304,Sarangani,PH,2020-01-07 20:46:41,5.4,125.46,81.18,74,90,19.73
305,Wellington,NZ,2020-01-07 20:43:23,-41.29,174.78,60.01,62,47,10.29
306,Marzuq,YE,2020-01-07 20:46:41,14.4,46.47,63.82,88,98,2.15
307,Tygda,RU,2020-01-07 20:46:41,53.11,126.33,-10.34,96,15,5.75
308,Nanchang,CN,2020-01-07 20:46:42,28.68,115.89,42.33,71,0,10.09
309,Igarka,RU,2020-01-07 20:46:42,67.47,86.57,-1.71,96,100,12.73
310,Whitehorse,CA,2020-01-07 20:46:42,60.72,-135.06,-11.0,76,90,6.93
311,Campo De Criptana,ES,2020-01-07 20:46:43,39.41,-3.13,46.0,52,0,5.44
312,Neuquen,AR,2020-01-07 20:46:43,-38.95,-68.06,89.01,18,0,14.99
313,Sitka,US,2020-01-07 20:46:43,37.17,-99.65,57.99,26,0,5.99
314,Petrovec,HR,2020-01-07 20:46:43,45.5,16.27,30.99,85,46,2.24
315,Benjamin Constant,BR,2020-01-07 20:46:44,-4.38,-70.03,95.0,52,40,4.7
316,Naica,MX,2020-01-07 20:46:44,27.86,-105.49,60.87,20,24,5.37
317,San Jeronimo,PE,2020-01-07 20:46:44,-13.65,-73.37,64.56,63,56,8.86
318,Shieli,KZ,2020-01-07 20:46:44,44.18,66.74,25.77,83,99,6.42
319,Chernyshevskiy,RU,2020-01-07 20:46:45,63.01,112.47,10.29,94,100,8.12
320,Amapa,HN,2020-01-07 20:46:45,15.09,-87.97,73.99,94,90,2.24
321,Botucatu,BR,2020-01-07 20:46:45,-22.89,-48.44,71.17,97,100,2.98
322,Horki,BY,2020-01-07 20:46:45,54.29,30.98,29.86,96,91,9.69
323,Sept-Iles,CA,2020-01-07 20:46:46,50.2,-66.38,17.6,72,90,5.82
324,Cootamundra,AU,2020-01-07 20:46:46,-34.64,148.03,72.0,70,0,1.01
325,Parrita,CR,2020-01-07 20:45:05,9.52,-84.33,82.4,44,20,18.34
326,Camacha,PT,2020-01-07 20:46:46,33.08,-16.33,62.6,63,40,9.17
327,Abu Samrah,SY,2020-01-07 20:46:47,35.3,37.18,47.12,87,94,3.36
328,Campos,PT,2020-01-07 20:46:47,41.97,-8.7,52.0,81,15,4.7
329,Korcula,HR,2020-01-07 20:46:47,42.96,17.14,33.8,43,0,2.24
330,Moville,US,2020-01-07 20:46:47,42.49,-96.07,39.2,64,20,12.75
331,Dongsheng,CN,2020-01-07 20:46:48,29.72,112.52,40.06,89,0,7.85
332,Wronki,PL,2020-01-07 20:46:48,52.71,16.37,37.4,93,90,5.82
333,Tigil,RU,2020-01-07 20:46:48,57.8,158.67,4.23,73,93,2.89
334,Ryotsu,JP,2020-01-07 20:46:49,38.08,138.43,42.8,100,90,6.93
335,General Pico,AR,2020-01-07 20:46:49,-35.66,-63.75,87.89,24,2,7.63
336,Saint-Augustin,CA,2020-01-07 20:46:49,45.63,-73.98,28.99,58,75,3.36
337,Ino,JP,2020-01-07 20:46:49,33.55,133.43,62.85,89,100,14.09
338,Annau,TM,2020-01-07 20:46:49,37.89,58.52,35.6,100,31,6.93
339,Great Yarmouth,GB,2020-01-07 20:46:50,52.61,1.73,55.0,87,90,19.46
340,Vardo,US,2020-01-07 20:46:50,39.62,-77.74,34.0,86,90,8.05
341,Buckeye,US,2020-01-07 20:46:50,33.37,-112.58,73.0,19,1,11.41
342,Huamachuco,PE,2020-01-07 20:46:50,-7.82,-78.05,55.17,61,54,4.45
343,Pitimbu,BR,2020-01-07 20:44:18,-7.47,-34.81,82.4,83,75,13.87
344,Denia,ES,2020-01-07 20:46:51,38.84,0.11,51.01,79,1,5.28
345,Soe,EE,2020-01-07 20:46:51,57.91,26.05,39.2,86,100,14.99
346,Mana,NG,2020-01-07 20:46:51,13.03,5.27,72.99,18,67,11.05
347,Rapid Valley,US,2020-01-07 20:46:51,44.06,-103.15,37.0,92,90,5.82
348,Codajas,BR,2020-01-07 20:46:52,-3.84,-62.06,89.64,59,99,3.38
349,Dicabisagan,PH,2020-01-07 20:46:52,17.08,122.42,74.82,88,24,3.22
350,Chipinge,ZW,2020-01-07 20:46:52,-20.19,32.62,68.95,79,1,5.57
351,Nha Trang,VN,2020-01-07 20:46:52,12.24,109.19,78.8,83,40,9.17
352,Formosa Do Rio Preto,BR,2020-01-07 20:46:53,-11.04,-45.19,76.69,87,53,1.05
353,Saint-Francois,FR,2020-01-07 20:46:53,46.42,3.91,44.6,87,90,1.12
354,Bayonet Point,US,2020-01-07 20:46:53,28.33,-82.68,73.4,53,40,9.17
355,Ust-Ishim,RU,2020-01-07 20:46:53,57.69,71.17,-0.13,95,0,2.15
356,Mogadishu,SO,2020-01-07 20:44:58,2.04,45.34,81.68,81,100,24.45
357,Shingu,JP,2020-01-07 20:46:54,33.72,135.99,65.66,79,78,32.86
358,Carutapera,BR,2020-01-07 20:46:54,-1.2,-46.02,82.04,74,65,10.0
359,Rantauprapat,ID,2020-01-07 20:46:55,2.1,99.83,71.82,98,100,0.31
360,Bonavista,CA,2020-01-07 20:46:55,48.65,-53.11,22.46,89,88,5.46
361,Paracuru,BR,2020-01-07 20:46:55,-3.41,-39.03,86.0,70,40,8.05
362,Ouadda,CF,2020-01-07 20:46:55,8.07,22.4,72.7,28,0,5.84
363,Evensk,RU,2020-01-07 20:46:56,61.92,159.24,-9.36,76,70,5.61
364,Noumea,NC,2020-01-07 20:44:08,-22.28,166.46,80.01,57,90,2.24
365,Paita,PE,2020-01-07 20:46:56,-5.09,-81.11,62.6,100,7,11.41
366,Geraldton,CA,2020-01-07 20:46:57,49.72,-86.95,10.4,66,75,16.11
367,Talnakh,RU,2020-01-07 20:46:57,69.49,88.39,5.0,84,75,22.37
368,Bartica,GY,2020-01-07 20:46:57,6.41,-58.62,86.0,66,75,13.87
369,Novodugino,RU,2020-01-07 20:46:58,55.63,34.3,29.52,95,99,10.69
370,Avera,US,2020-01-07 20:46:58,33.19,-82.53,66.2,41,1,13.87
371,Huarmey,PE,2020-01-07 20:46:58,-10.07,-78.15,77.54,58,43,8.88
372,San Fernando,TT,2020-01-07 20:46:58,10.28,-61.46,84.99,58,40,10.29
373,Ostersund,SE,2020-01-07 20:46:58,63.18,14.64,39.99,74,20,21.92
374,Nhamunda,BR,2020-01-07 20:46:59,-2.19,-56.71,87.48,59,16,4.68
375,Athabasca,CA,2020-01-07 20:46:59,54.72,-113.29,0.46,95,94,6.53
376,Zhigansk,RU,2020-01-07 20:46:59,66.77,123.37,-5.87,97,100,8.14
377,Kjollefjord,NO,2020-01-07 20:46:59,70.95,27.35,35.6,95,75,16.11
378,Sorong,ID,2020-01-07 20:47:00,-0.86,131.25,74.26,98,100,1.88
379,Gornoye Loo,RU,2020-01-07 20:47:00,43.72,39.61,50.0,61,90,6.71
380,Kushima,JP,2020-01-07 20:47:00,31.5,131.29,62.24,80,92,30.09
381,Tsaratanana,MG,2020-01-07 20:47:00,-16.8,47.65,71.1,89,100,0.4
382,Curup,ID,2020-01-07 20:47:01,-3.47,102.53,66.51,97,100,3.53
383,Mount Pleasant,US,2020-01-07 20:46:28,33.16,-94.97,64.99,16,1,3.36
384,Port Hedland,AU,2020-01-07 20:47:01,-20.31,118.58,78.8,83,75,21.92
385,Palanga,RO,2020-01-07 20:47:02,44.45,25.08,27.91,75,0,3.15
386,Sao Jose Da Coroa Grande,BR,2020-01-07 20:47:02,-8.9,-35.15,80.98,69,0,12.68
387,Vila Velha,BR,2020-01-07 20:47:02,-3.71,-38.6,86.0,70,40,8.05
388,Coihaique,CL,2020-01-07 20:47:03,-45.58,-72.07,57.2,66,75,10.29
389,Yizhivtsi,UA,2020-01-07 20:47:03,48.04,25.66,19.4,79,0,4.7
390,Faya,SA,2020-01-07 20:47:03,18.39,42.45,59.0,87,40,17.22
391,Kabo,CF,2020-01-07 20:47:04,7.69,18.62,76.69,29,0,3.83
392,Lavrentiya,RU,2020-01-07 20:47:04,65.58,-170.99,-12.42,96,64,3.2
393,Yarada,IN,2020-01-07 20:47:04,17.65,83.27,66.2,93,20,2.24
394,Belyy Yar,RU,2020-01-07 20:47:04,53.6,91.39,1.4,84,94,1.07
395,Merauke,ID,2020-01-07 20:47:05,-8.49,140.4,75.25,94,100,5.26
396,Lons,FR,2020-01-07 20:47:05,43.32,-0.41,50.0,93,83,2.24
397,Jijiga,ET,2020-01-07 20:47:05,9.35,42.8,58.93,77,67,8.43
398,Brownwood,US,2020-01-07 20:47:05,31.71,-98.99,64.99,16,1,9.17
399,Biak,ID,2020-01-07 20:47:05,-0.91,122.88,81.66,74,100,11.5
400,Turangi,NZ,2020-01-07 20:47:06,-39.0,175.93,70.0,49,85,3.0
401,Nizhniy Kuranakh,RU,2020-01-07 20:47:06,58.84,125.49,13.69,95,100,6.98
402,Roma,IT,2020-01-07 20:47:06,41.89,12.48,43.0,69,67,4.7
403,Kota Tinggi,MY,2020-01-07 20:47:07,1.73,103.9,78.8,94,75,3.36
404,Joshimath,IN,2020-01-07 20:47:07,30.57,79.57,27.75,99,100,3.76
405,Grootfontein,NA,2020-01-07 20:47:07,-19.56,18.1,68.34,53,94,7.83
406,Nipawin,CA,2020-01-07 20:47:07,53.36,-104.02,-5.8,70,1,6.93
407,Fayaoue,NC,2020-01-07 20:47:07,-20.65,166.53,76.77,82,88,17.22
408,Lahaina,US,2020-01-07 20:47:08,20.87,-156.68,78.8,64,40,17.22
409,Strelka,RU,2020-01-07 20:47:08,58.08,93.03,6.3,96,100,3.94
410,Kirakira,SB,2020-01-07 20:47:08,-10.46,161.92,78.55,87,100,7.65
411,Markala,ML,2020-01-07 20:47:09,13.69,-6.07,64.9,21,33,2.06
412,Yurginskoye,RU,2020-01-07 20:47:09,56.82,67.39,3.06,87,28,3.8
413,Mantua,IT,2020-01-07 20:47:09,45.16,10.79,35.01,100,90,4.7
414,Hambantota,LK,2020-01-07 20:47:09,6.12,81.12,80.06,78,100,21.77
415,Ahipara,NZ,2020-01-07 20:47:10,-35.17,173.16,64.99,91,0,3.0
416,Dehloran,IR,2020-01-07 20:47:10,32.69,47.27,53.67,43,0,1.99
417,Senekal,ZA,2020-01-07 20:47:10,-28.32,27.62,65.28,78,100,17.69
418,Ugep,NG,2020-01-07 20:47:10,5.81,8.08,84.4,28,100,3.09
419,Teya,MX,2020-01-07 20:47:10,21.05,-89.07,78.8,57,75,18.34
420,Iquique,CL,2020-01-07 20:47:11,-20.22,-70.14,80.6,51,0,18.34
421,Senador Jose Porfirio,BR,2020-01-07 20:47:11,-2.59,-51.95,79.93,84,52,4.34
422,Nago,IT,2020-01-07 20:47:11,45.88,10.89,39.0,100,90,4.7
423,Haimen,CN,2020-01-07 20:47:11,31.87,121.18,42.01,88,0,3.0
424,Altamont,CA,2020-01-07 20:47:12,49.4,-98.5,3.2,59,75,12.75
425,Vega De Alatorre,MX,2020-01-07 20:47:12,20.03,-96.65,73.13,70,93,21.41
426,Gat,SN,2020-01-07 20:47:12,14.69,-16.54,68.0,52,100,18.34
427,Solnechnyy,RU,2020-01-07 20:47:12,50.72,136.64,-1.53,87,0,1.28
428,Sulecin,PL,2020-01-07 20:47:13,52.44,15.12,37.99,100,90,10.29
429,Sao Filipe,CV,2020-01-07 20:47:13,14.9,-24.5,68.31,75,100,23.91
430,Kahului,US,2020-01-07 20:44:54,20.89,-156.47,78.8,61,40,14.99
431,Sungairaya,ID,2020-01-07 20:47:14,0.7,108.9,75.2,93,100,2.82
432,Adrar,DZ,2020-01-07 20:47:14,27.87,-0.29,55.4,32,50,10.29
433,Vavuniya,LK,2020-01-07 20:47:14,8.76,80.5,71.53,96,80,3.58
434,Bilisht,AL,2020-01-07 20:47:14,40.62,20.99,32.0,41,0,11.41
435,Kefamenanu,ID,2020-01-07 20:47:15,-9.45,124.48,70.74,97,100,3.74
436,Rivadavia,AR,2020-01-07 20:47:15,-31.53,-68.59,95.58,16,0,11.25
437,Broome,GB,2020-01-07 20:47:15,52.47,1.45,55.4,87,90,19.46
438,Alice Town,BS,2020-01-07 20:47:15,25.72,-79.3,72.16,57,6,8.12
439,Bandarbeyla,SO,2020-01-07 20:47:15,9.49,50.81,78.91,73,100,17.72
440,Tigre,AR,2020-01-07 20:47:16,-34.42,-58.58,88.0,30,0,13.87
441,Sumbe,AO,2020-01-07 20:47:16,-11.2,13.84,76.33,87,100,8.57
442,Yeppoon,AU,2020-01-07 20:47:16,-23.13,150.74,73.4,83,40,8.05
443,Mikhaylovka,RU,2020-01-07 20:47:16,52.96,103.29,3.24,90,1,2.93
444,Koutsouras,GR,2020-01-07 20:47:17,35.03,25.95,48.99,77,82,23.0
445,Mezen,RU,2020-01-07 20:47:17,65.85,44.24,23.81,96,100,14.05
446,Bundaberg,AU,2020-01-07 20:47:17,-24.87,152.35,75.99,83,42,8.05
447,Kambam,ID,2020-01-07 20:47:17,5.25,96.86,69.08,84,100,3.09
448,Biltine,TD,2020-01-07 20:47:17,14.53,20.93,71.42,21,0,9.93
449,Tynset,NO,2020-01-07 20:47:18,62.28,10.78,35.6,80,100,14.99
450,Perpignan,FR,2020-01-07 20:47:18,42.7,2.88,57.0,62,100,16.11
451,Tafalla,ES,2020-01-07 20:47:18,42.53,-1.67,46.99,87,29,4.7
452,Ayan,IR,2020-01-07 20:47:18,38.23,44.7,15.15,53,0,7.49
453,Anadyr,RU,2020-01-07 20:47:19,64.73,177.51,-4.0,76,90,8.95
454,Novyy Urgal,RU,2020-01-07 20:47:19,51.07,132.56,-11.0,100,97,0.4
455,Grenaa,DK,2020-01-07 20:47:19,56.42,10.88,44.6,93,100,9.17
456,Havre-Saint-Pierre,CA,2020-01-07 20:44:03,50.23,-63.6,12.2,85,90,2.24
457,High Rock,BS,2020-01-07 20:47:20,26.63,-78.28,73.4,60,75,5.82
458,Rambouillet,FR,2020-01-07 20:47:20,48.65,1.83,50.0,93,90,8.05
459,Fort Nelson,CA,2020-01-07 20:47:21,58.81,-122.69,-22.0,74,75,2.1
460,Campbell River,CA,2020-01-07 20:47:21,50.02,-125.24,50.0,100,90,6.93
461,Birjand,IR,2020-01-07 20:46:56,32.86,59.22,26.6,79,0,6.93
462,Pokhvistnevo,RU,2020-01-07 20:47:21,53.65,52.12,13.26,97,96,3.98
463,Lumphat,KH,2020-01-07 20:47:22,13.5,106.97,73.2,75,100,8.16
464,Seoul,KR,2020-01-07 20:46:17,37.57,126.98,41.0,100,90,6.93
465,Mount Gambier,AU,2020-01-07 20:47:22,-37.83,140.78,50.0,93,90,5.82
466,College,US,2020-01-07 20:47:22,64.86,-147.8,-23.01,67,90,1.74
467,Magan,OM,2020-01-07 20:47:23,24.42,56.58,64.4,63,0,2.24
468,Lexington Park,US,2020-01-07 20:46:59,38.26,-76.45,48.2,70,90,5.59
469,Ola,RU,2020-01-07 20:47:23,59.58,151.3,-2.43,91,59,8.39
470,Sirsa,IN,2020-01-07 20:47:24,29.54,75.04,50.52,93,6,4.0
471,Taft,PH,2020-01-07 20:47:24,11.9,125.42,79.11,80,100,12.62
472,Tirumullaivasal,IN,2020-01-07 20:47:24,11.24,79.84,79.07,77,79,14.97
473,Akdepe,TM,2020-01-07 20:47:25,42.05,59.39,19.4,92,20,2.24
474,Henties Bay,NA,2020-01-07 20:47:25,-22.12,14.28,64.99,87,0,1.99
475,Kintinku,TZ,2020-01-07 20:47:25,-5.89,35.22,71.24,78,6,1.52
476,Farmington,US,2020-01-07 20:47:25,36.73,-108.21,39.99,37,1,5.82
477,Wilmington,US,2020-01-07 20:44:10,39.75,-75.55,46.4,56,90,3.36
478,Arys,KZ,2020-01-07 20:47:26,42.43,68.8,23.0,100,90,2.24
479,Brae,GB,2020-01-07 20:47:26,60.4,-1.35,50.0,81,100,40.26
480,Torata,EC,2020-01-07 20:47:26,-3.6,-79.89,89.6,69,75,10.29
481,Linhares,BR,2020-01-07 20:45:12,-19.38,-40.06,79.0,83,55,7.78
482,Turek,PL,2020-01-07 20:47:27,52.02,18.5,36.0,90,95,6.69
483,Nabire,ID,2020-01-07 20:47:27,-3.36,135.5,72.3,98,99,1.57
484,Boa Esperanca,BR,2020-01-07 20:47:28,-1.91,-60.0,81.66,90,100,0.98
485,Berlevag,NO,2020-01-07 20:47:28,70.86,29.09,33.8,92,75,18.34
486,Kalanwali,IN,2020-01-07 20:47:28,29.83,74.98,49.68,95,10,1.63
487,Laguna,BZ,2020-01-07 20:47:28,16.17,-88.94,73.4,83,90,1.14
488,Kabugao,PH,2020-01-07 20:47:29,18.02,121.18,62.82,98,100,3.56
489,Lagoa,PT,2020-01-07 20:47:29,37.14,-8.45,55.0,87,0,5.82
490,Bad Durkheim,DE,2020-01-07 20:47:29,49.47,8.17,39.99,93,20,8.05
491,Luganville,VU,2020-01-07 20:47:29,-15.51,167.18,82.4,78,75,8.05
492,Xinqing,CN,2020-01-07 20:47:30,48.28,129.53,-3.44,99,74,3.33
493,Fuzhou,CN,2020-01-07 20:47:30,26.08,119.3,57.2,62,0,2.24
494,Lavumisa,ZA,2020-01-07 20:47:30,-27.31,31.88,80.6,69,45,4.7
495,Santa Isabel Do Rio Negro,BR,2020-01-07 20:47:30,-0.41,-65.02,92.14,47,58,3.11
496,Grandview,US,2020-01-07 20:47:31,38.89,-94.53,54.0,31,1,16.11
497,Nizhniy Odes,RU,2020-01-07 20:47:31,63.64,54.86,11.12,96,89,5.21
498,Sarnen,CH,2020-01-07 20:47:31,46.9,8.25,39.0,93,20,3.36
499,Eyl,SO,2020-01-07 20:47:31,7.98,49.82,78.66,79,100,21.32
500,Lima,PE,2020-01-07 20:43:45,-12.06,-77.04,78.8,65,0,11.41
501,Moron,HT,2020-01-07 20:47:32,18.56,-74.26,79.92,70,2,7.96
502,Buraydah,SA,2020-01-07 20:47:32,26.33,43.97,60.8,67,0,14.99
503,Meulaboh,ID,2020-01-07 20:47:33,4.14,96.13,80.91,78,97,7.76
504,Altay,CN,2020-01-07 20:47:33,47.83,88.13,5.18,65,0,6.82
505,Luwuk,ID,2020-01-07 20:47:33,-0.95,122.79,81.66,74,100,11.5
506,Bethanien,NA,2020-01-07 20:47:34,-26.5,17.16,70.59,38,0,10.89
507,Pacifica,US,2020-01-07 20:47:34,37.61,-122.49,57.99,76,1,17.22
508,Beira,ES,2020-01-07 20:47:34,43.2,-8.36,54.0,93,75,5.82
509,Waingapu,ID,2020-01-07 20:47:34,-9.65,120.26,83.46,73,100,19.64
510,Qinzhou,CN,2020-01-07 20:47:35,21.96,108.62,66.81,85,0,2.8
511,Ketchikan,US,2020-01-07 20:45:03,55.34,-131.65,28.4,74,1,11.41
512,Tokur,RU,2020-01-07 20:47:36,53.13,132.9,-6.99,99,100,2.55
513,Yulara,AU,2020-01-07 20:47:36,-25.24,130.99,80.6,51,100,8.05
514,Alenquer,BR,2020-01-07 20:47:36,-1.95,-54.74,82.4,78,40,9.17
515,Praia Da Vitoria,PT,2020-01-07 20:47:36,38.73,-27.07,66.2,82,75,21.43
516,Umm Bab,QA,2020-01-07 20:47:37,25.21,50.81,59.0,82,1,2.24
517,The Valley,AI,2020-01-07 20:46:16,18.22,-63.06,82.4,69,40,13.87
518,Sabha,LY,2020-01-07 20:47:37,27.03,14.43,44.08,54,0,3.98
519,Acapulco,MX,2020-01-07 20:47:04,16.86,-99.88,86.0,66,20,6.93
520,Tabou,CI,2020-01-07 20:47:38,4.42,-7.36,75.6,84,0,3.65
521,Tilichiki,RU,2020-01-07 20:47:38,60.47,166.1,1.22,94,100,7.58
522,Torfyanoy,RU,2020-01-07 20:47:38,58.49,49.2,9.19,97,76,5.7
523,Port Macquarie,AU,2020-01-07 20:47:38,-31.43,152.91,75.99,83,5,4.7
524,Arlit,NE,2020-01-07 20:47:38,18.74,7.39,64.83,14,27,14.54
525,Xiaoweizhai,CN,2020-01-07 20:47:39,26.23,107.51,53.69,97,100,3.36
526,Hofn,IS,2020-01-07 20:47:34,64.25,-15.21,35.98,63,68,54.42
527,Adana,TR,2020-01-07 20:46:00,37.0,35.33,48.0,100,75,4.7
528,Tashtagol,RU,2020-01-07 20:47:39,52.76,87.85,11.03,89,100,2.95
529,Puerto Escondido,MX,2020-01-07 20:47:40,15.86,-97.07,80.6,74,20,12.75
530,Fairbanks,US,2020-01-07 20:45:32,64.84,-147.72,-23.01,67,90,0.92
531,Kyshtovka,RU,2020-01-07 20:47:40,56.56,76.62,10.54,96,100,4.03
532,Lata,IN,2020-01-07 20:47:40,30.78,78.62,14.27,97,100,4.14
533,Dwarka,IN,2020-01-07 20:47:41,28.58,77.04,53.6,87,75,5.82
534,Dali,CN,2020-01-07 20:47:41,34.79,109.94,31.19,80,92,6.93
